{"error":{"cnn1":0.1067000031,"cnn2":0.0766999722}}